UniqueId,Panelist,Genotype,CATA_all,RankInverse,smooth,light,thin,flat,compact,bitter,sweet,cereal,malt,earthy,floral,fruity,citrus,grassy,nutty,stale,woody
1_Copeland,1,Copeland,"Floral,Herbacious, Body_Density_Light",4,0,1,0,0,0,0,0,0,0,0,1,0,0,0,0,0,0
1_117.17,1,117.17,"Grassy,Woody, Bitter",3,0,0,0,0,0,1,0,0,0,0,0,0,0,1,0,0,1
1_120.14,1,120.14,"Herbacious, Bitter",2,0,0,0,0,0,1,0,0,0,0,0,0,0,0,0,0,0
1_120.17,1,120.17,"Grassy, Sour",1,0,0,0,0,0,0,0,0,0,0,0,0,0,1,0,0,0
3_120.17,3,120.17,"Floral,Grassy, Bitter, Afterfeel_Slippery_High, Irritation_Carbonation_Tingle, Body_Density_Light, Effervescence_BubbleDensity_Compact",4,0,1,0,0,1,1,0,0,0,0,1,0,0,1,0,0,0
3_120.14,3,120.14,"Grassy, Sour, Afterfeel_Astringency_Drying, Irritation_Carbonation_Tingle, Body_Density_Light, Body_Viscosity_Thin",3,0,1,1,0,0,0,0,0,0,0,0,0,0,1,0,0,0
3_117.17,3,117.17,"Floral, Sour, Afterfeel_Astringency_Low, Irritation_Carbonation_Tingle, Effervescence_BubbleDensity_Dispersed, Body_Density_Light",1,0,1,0,1,0,0,0,0,0,0,1,0,0,0,0,0,0
3_Copeland,3,Copeland,"Fruity, Fruity_Tropical, Sour, Effervescence_BubbleDensity_Dispersed, Body_Viscosity_Thin, Irritation_Carbonation_Tingle",2,0,0,1,1,0,0,0,0,0,0,0,1,0,0,0,0,0
4_117.17,4,117.17,"Sour, Cereal, Cereal_Malt, Fruity, Fruity_Citrus",3,0,0,0,0,0,0,0,1,1,0,0,1,1,0,0,0,0
4_120.17,4,120.17,"Fruity, Fruity_Citrus, Bitter",4,0,0,0,0,0,1,0,0,0,0,0,1,1,0,0,0,0
4_Copeland,4,Copeland,"Bitter, Fruity, Fruity_Citrus, Fruity_Citrus_Grapefruit",2,0,0,0,0,0,1,0,0,0,0,0,1,1,0,0,0,0
4_120.14,4,120.14,"Fruity, Fruity_Citrus, Fruity_Citrus_Lime, Fruity_Citrus_Lime_Peel",1,0,0,0,0,0,0,0,0,0,0,0,1,1,0,0,0,0
5_Copeland,5,Copeland,"Nutty, Nutty_Walnut, Cereal, Cereal_Biscuit",2,0,0,0,0,0,0,0,1,0,0,0,0,0,0,1,0,0
5_117.17,5,117.17,"Floral,Woody, Woody_Pine",1,0,0,0,0,0,0,0,0,0,0,1,0,0,0,0,0,1
5_120.14,5,120.14,"Fruity, Fruity_Pear, SweetAromatic, SweetAromatic_SugarCane",4,0,0,0,0,0,0,1,0,0,0,0,1,0,0,0,0,0
5_120.17,5,120.17,Grassy,3,0,0,0,0,0,0,0,0,0,0,0,0,0,1,0,0,0
6_120.14,6,120.14,Sweet,4,0,0,0,0,0,0,1,0,0,0,0,0,0,0,0,0,0
6_Copeland,6,Copeland,,3,0,0,0,0,0,0,0,0,0,0,0,0,0,0,0,0,0
6_120.17,6,120.17,Stale,2,0,0,0,0,0,0,0,0,0,0,0,0,0,0,0,1,0
6_117.17,6,117.17,Bitter,1,0,0,0,0,0,1,0,0,0,0,0,0,0,0,0,0,0
7_117.17,7,117.17,"Nutty, Nutty_Almond, Dairy, Dairy_Butter, Fruity, Fruity_Citrus, Afterfeel_Slippery_High",1,0,0,0,0,0,0,0,0,0,0,0,1,1,0,1,0,0
7_Copeland,7,Copeland,"Fruity, Fruity_Tropical, Fruity_Tropical_Banana, Herbacious, Herbacious_Rosemary, SweetAromatic, SweetAromatic_Toffee, Earthy, Earthy_Mushroom",4,0,0,0,0,0,0,1,0,0,1,0,1,0,0,0,0,0
8_117.17,8,117.17,"Earthy, Meaty",3,0,0,0,0,0,0,0,0,0,1,0,0,0,0,0,0,0
8_120.17,8,120.17,Cereal,1,0,0,0,0,0,0,0,1,0,0,0,0,0,0,0,0,0
8_Copeland,8,Copeland,SweetAromatic,4,0,0,0,0,0,0,1,0,0,0,0,0,0,0,0,0,0
8_120.14,8,120.14,Metallic,2,0,0,0,0,0,0,0,0,0,0,0,0,0,0,0,0,0
9_Copeland,9,Copeland,"Woody, Grassy",4,0,0,0,0,0,0,0,0,0,0,0,0,0,1,0,0,1
9_117.17,9,117.17,"Spicy, Ripe",1,0,0,0,0,0,0,0,0,0,0,0,0,0,0,0,0,0
9_120.14,9,120.14,"Bitter, Fruity, Fruity_Citrus, Fruity_Citrus_Grapefruit",2,0,0,0,0,0,1,0,0,0,0,0,1,1,0,0,0,0
9_120.17,9,120.17,"Spicy, Sweet",3,0,0,0,0,0,0,1,0,0,0,0,0,0,0,0,0,0
10_120.14,10,120.14,"Ripe, Ripe_Sweat",3,0,0,0,0,0,0,0,0,0,0,0,0,0,0,0,0,0
10_Copeland,10,Copeland,"Medicinal, Medicinal_BandAid",4,0,0,0,0,0,0,0,0,0,0,0,0,0,0,0,0,0
10_120.17,10,120.17,"Medicinal, Medicinal_Rubber",1,0,0,0,0,0,0,0,0,0,0,0,0,0,0,0,0,0
10_117.17,10,117.17,"Herbacious, Earthy, Earthy_Musty",2,0,0,0,0,0,0,0,0,0,1,0,0,0,0,0,0,0
11_120.17,11,120.17,"Cereal, Cereal_Malt",3,0,0,0,0,0,0,0,1,1,0,0,0,0,0,0,0,0
11_120.14,11,120.14,"Cereal, Cereal_Malt",2,0,0,0,0,0,0,0,1,1,0,0,0,0,0,0,0,0
11_117.17,11,117.17,"Cereal, Cereal_Malt",4,0,0,0,0,0,0,0,1,1,0,0,0,0,0,0,0,0
11_Copeland,11,Copeland,"Cereal, Cereal_Malt",1,0,0,0,0,0,0,0,1,1,0,0,0,0,0,0,0,0
12_117.17,12,117.17,,3,0,0,0,0,0,0,0,0,0,0,0,0,0,0,0,0,0
12_120.17,12,120.17,Grassy,4,0,0,0,0,0,0,0,0,0,0,0,0,0,1,0,0,0
12_Copeland,12,Copeland,Fruity,2,0,0,0,0,0,0,0,0,0,0,0,1,0,0,0,0,0
12_120.14,12,120.14,,1,0,0,0,0,0,0,0,0,0,0,0,0,0,0,0,0,0
13_Copeland,13,Copeland,Sweet,3,0,0,0,0,0,0,1,0,0,0,0,0,0,0,0,0,0
13_117.17,13,117.17,Bitter,4,0,0,0,0,0,1,0,0,0,0,0,0,0,0,0,0,0
14_120.14,14,120.14,"Sweet, Floral",4,0,0,0,0,0,0,1,0,0,0,1,0,0,0,0,0,0
14_Copeland,14,Copeland,Grassy,2,0,0,0,0,0,0,0,0,0,0,0,0,0,1,0,0,0
14_120.17,14,120.17,Grassy,1,0,0,0,0,0,0,0,0,0,0,0,0,0,1,0,0,0
14_117.17,14,117.17,Earthy,3,0,0,0,0,0,0,0,0,0,1,0,0,0,0,0,0,0
15_120.17,15,120.17,,1,0,0,0,0,0,0,0,0,0,0,0,0,0,0,0,0,0
15_120.14,15,120.14,,3,0,0,0,0,0,0,0,0,0,0,0,0,0,0,0,0,0
15_117.17,15,117.17,,4,0,0,0,0,0,0,0,0,0,0,0,0,0,0,0,0,0
15_Copeland,15,Copeland,,2,0,0,0,0,0,0,0,0,0,0,0,0,0,0,0,0,0
16_117.17,16,117.17,"Bitter, Body_Density_Heavy, Grassy",2,0,0,0,0,0,1,0,0,0,0,0,0,0,1,0,0,0
16_Copeland,16,Copeland,"Body_Density_Light, Vegetal",1,0,1,0,0,0,0,0,0,0,0,0,0,0,0,0,0,0
17_Copeland,17,Copeland,"Bitter, Ripe, Body_Density_Light, Body_Viscosity_Thin",1,0,1,1,0,0,1,0,0,0,0,0,0,0,0,0,0,0
17_120.14,17,120.14,"Stale, Metallic, Fruity, Fruity_StoneFruit",3,0,0,0,0,0,0,0,0,0,0,0,1,0,0,0,1,0
17_120.17,17,120.17,"Grassy, Body_Density_Light",2,0,1,0,0,0,0,0,0,0,0,0,0,0,1,0,0,0
18_120.14,18,120.14,"Cereal, Stale, Body_Density_Light",1,0,1,0,0,0,0,0,1,0,0,0,0,0,0,0,1,0
18_Copeland,18,Copeland,"Metallic, Body_Density_Light, Effervescence_BubbleDensity_Compact",2,0,1,0,0,1,0,0,0,0,0,0,0,0,0,0,0,0
18_120.17,18,120.17,"Fruity, Body_Density_Light, Fruity_Coconut",4,0,1,0,0,0,0,0,0,0,0,0,1,0,0,0,0,0
18_117.17,18,117.17,"Metallic, Dairy, Stale, Dairy_Butter",3,0,0,0,0,0,0,0,0,0,0,0,0,0,0,0,1,0
19_120.17,19,120.17,"Woody, Body_Density_Light",4,0,1,0,0,0,0,0,0,0,0,0,0,0,0,0,0,1
19_120.14,19,120.14,Floral,2,0,0,0,0,0,0,0,0,0,0,1,0,0,0,0,0,0
19_117.17,19,117.17,"Earthy, Earthy_Mushroom",3,0,0,0,0,0,0,0,0,0,1,0,0,0,0,0,0,0
19_Copeland,19,Copeland,"Sour, Afterfeel_Astringency_Drying, Body_Density_Heavy",1,0,0,0,0,0,0,0,0,0,0,0,0,0,0,0,0,0
20_117.17,20,117.17,Bitter,1,0,0,0,0,0,1,0,0,0,0,0,0,0,0,0,0,0
20_120.17,20,120.17,"Sour, Fruity, Fruity_Pear",4,0,0,0,0,0,0,0,0,0,0,0,1,0,0,0,0,0
20_Copeland,20,Copeland,Sour,2,0,0,0,0,0,0,0,0,0,0,0,0,0,0,0,0,0
20_120.14,20,120.14,"Cereal, Sweet",3,0,0,0,0,0,0,1,1,0,0,0,0,0,0,0,0,0
21_Copeland,21,Copeland,"Fruity, Fruity_Pear, Effervescence_BubbleDensity_Dispersed",3,0,0,0,1,0,0,0,0,0,0,0,1,0,0,0,0,0
21_117.17,21,117.17,Effervescence_BubbleDensity_Compact,1,0,0,0,0,1,0,0,0,0,0,0,0,0,0,0,0,0
21_120.17,21,120.17,Bitter,2,0,0,0,0,0,1,0,0,0,0,0,0,0,0,0,0,0
22_120.14,22,120.14,Sweet,2,0,0,0,0,0,0,1,0,0,0,0,0,0,0,0,0,0
22_Copeland,22,Copeland,Woody,4,0,0,0,0,0,0,0,0,0,0,0,0,0,0,0,0,1
22_120.17,22,120.17,Fruity,3,0,0,0,0,0,0,0,0,0,0,0,1,0,0,0,0,0
22_117.17,22,117.17,Earthy,1,0,0,0,0,0,0,0,0,0,1,0,0,0,0,0,0,0
23_120.17,23,120.17,"Burnt, Waxy, Body_Density_Light",4,0,1,0,0,0,0,0,0,0,0,0,0,0,0,0,0,0
23_120.14,23,120.14,"Cereal, Cereal_Malt, Alcoholic, Irritation_Carbonation_Tingle",2,0,0,0,0,0,0,0,1,1,0,0,0,0,0,0,0,0
23_117.17,23,117.17,"Dairy, Dairy_Butter, SweetAromatic, SweetAromatic_Caramel, Herbacious, Herbacious_Thyme",1,0,0,0,0,0,0,1,0,0,0,0,0,0,0,0,0,0
23_Copeland,23,Copeland,"Nutty, Metallic, Stale, Stale_Cardboard",3,0,0,0,0,0,0,0,0,0,0,0,0,0,0,1,1,0
24_117.17,24,117.17,"Afterfeel_Astringency_Low, Effervescence_BubbleDensity_Dispersed, Body_Viscosity_Thin",3,0,0,1,1,0,0,0,0,0,0,0,0,0,0,0,0,0
24_120.17,24,120.17,"Irritation_Alcohol_Warm, Alcoholic, Body_Viscosity_Thin",4,0,0,1,0,0,0,0,0,0,0,0,0,0,0,0,0,0
24_Copeland,24,Copeland,"Body_Viscosity_Thin, Body_Density_Light, Bitter",2,0,1,1,0,0,1,0,0,0,0,0,0,0,0,0,0,0
24_120.14,24,120.14,"Cereal, Cereal_GreenMalt, Bitter",1,0,0,0,0,0,1,0,1,0,0,0,0,0,0,0,0,0
25_117.17,25,117.17,"Sour, Grassy, Afterfeel_Astringency_Drying",1,0,0,0,0,0,0,0,0,0,0,0,0,0,1,0,0,0
25_120.14,25,120.14,"Woody, Effervescence_BubbleDensity_Compact",2,0,0,0,0,1,0,0,0,0,0,0,0,0,0,0,0,1
25_120.17,25,120.17,"Earthy, Nutty, Irritation_Alcohol_Burning",3,0,0,0,0,0,0,0,0,0,1,0,0,0,0,1,0,0
26_Copeland,26,Copeland,"Sour, Fruity, Fruity_Citrus, Body_Density_Light, Body_Particulate_Gritty",2,0,1,0,0,0,0,0,0,0,0,0,1,1,0,0,0,0
26_120.17,26,120.17,"Fruity, Fruity_Apple, Fruity_Apple_Cider, Irritation_Cooling, Body_Density_Light",3,0,1,0,0,0,0,0,0,0,0,0,1,0,0,0,0,0
26_117.17,26,117.17,"Burnt, Cereal, Cereal_Toast, Irritation_Spicy, Spicy",1,0,0,0,0,0,0,0,1,0,0,0,0,0,0,0,0,0
27_120.17,27,120.17,Cereal,4,0,0,0,0,0,0,0,1,0,0,0,0,0,0,0,0,0
27_120.14,27,120.14,Ripe,3,0,0,0,0,0,0,0,0,0,0,0,0,0,0,0,0,0
27_117.17,27,117.17,"Woody, Fruity, Fruity_Citrus",2,0,0,0,0,0,0,0,0,0,0,0,1,1,0,0,0,1
27_Copeland,27,Copeland,"Irritation_Spicy, Spicy, Fruity, Fruity_Berry, Effervescence_BubbleDensity_Compact",1,0,0,0,0,1,0,0,0,0,0,0,1,0,0,0,0,0
28_117.17,28,117.17,"Fruity, Fruity_Apple, Fruity_Apple_GreenApple, Spicy, Bitter",1,0,0,0,0,0,1,0,0,0,0,0,1,0,0,0,0,0
28_120.17,28,120.17,"Spicy, Spicy_BlackPepper, Sweet",2,0,0,0,0,0,0,1,0,0,0,0,0,0,0,0,0,0
28_120.14,28,120.14,"Fruity, Fruity_Citrus, Spicy, Bitter",3,0,0,0,0,0,1,0,0,0,0,0,1,1,0,0,0,0
29_Copeland,29,Copeland,"Fruity, Body_Density_Light",2,0,1,0,0,0,0,0,0,0,0,0,1,0,0,0,0,0
29_117.17,29,117.17,"SweetAromatic, Body_Density_Light",4,0,1,0,0,0,0,1,0,0,0,0,0,0,0,0,0,0
29_120.17,29,120.17,Bitter,1,0,0,0,0,0,1,0,0,0,0,0,0,0,0,0,0,0
30_Copeland,30,Copeland,"Body_Viscosity_Thin, Sour",1,0,0,1,0,0,0,0,0,0,0,0,0,0,0,0,0,0
30_117.17,30,117.17,Nutty,4,0,0,0,0,0,0,0,0,0,0,0,0,0,0,1,0,0
31_120.17,31,120.17,,3,0,0,0,0,0,0,0,0,0,0,0,0,0,0,0,0,0
31_120.14,31,120.14,,4,0,0,0,0,0,0,0,0,0,0,0,0,0,0,0,0,0
31_117.17,31,117.17,Bitter,2,0,0,0,0,0,1,0,0,0,0,0,0,0,0,0,0,0
31_Copeland,31,Copeland,,1,0,0,0,0,0,0,0,0,0,0,0,0,0,0,0,0,0
32_117.17,32,117.17,"Fruity, Fruity_Citrus, Sweet, Afterfeel_Slippery_High, Body_Density_Light",4,0,1,0,0,0,0,1,0,0,0,0,1,1,0,0,0,0
32_120.17,32,120.17,"Floral, Woody, Afterfeel_Slippery_High",3,0,0,0,0,0,0,0,0,0,0,1,0,0,0,0,0,1
32_120.14,32,120.14,"Bitter, Stale, Afterfeel_Slippery_High, Nutty",1,0,0,0,0,0,1,0,0,0,0,0,0,0,0,1,1,0
34_120.14,34,120.14,"Body_Density_Light, Effervescence_BubbleDensity_Dispersed",3,0,1,0,1,0,0,0,0,0,0,0,0,0,0,0,0,0
34_Copeland,34,Copeland,"Body_Density_Light, Effervescence_BubbleDensity_Dispersed",2,0,1,0,1,0,0,0,0,0,0,0,0,0,0,0,0,0
34_120.17,34,120.17,"Body_Density_Light, Effervescence_BubbleDensity_Dispersed",1,0,1,0,1,0,0,0,0,0,0,0,0,0,0,0,0,0
34_117.17,34,117.17,"Body_Density_Light, Effervescence_BubbleDensity_Dispersed",4,0,1,0,1,0,0,0,0,0,0,0,0,0,0,0,0,0
35_120.17,35,120.17,Nutty,2,0,0,0,0,0,0,0,0,0,0,0,0,0,0,1,0,0
35_120.14,35,120.14,"Floral, Nutty",1,0,0,0,0,0,0,0,0,0,0,1,0,0,0,1,0,0
35_117.17,35,117.17,"Fruity, Cereal",3,0,0,0,0,0,0,0,1,0,0,0,1,0,0,0,0,0
35_Copeland,35,Copeland,"Metallic, Floral",4,0,0,0,0,0,0,0,0,0,0,1,0,0,0,0,0,0
36_117.17,36,117.17,Effervescence_BubbleDensity_Dispersed,1,0,0,0,1,0,0,0,0,0,0,0,0,0,0,0,0,0
36_120.17,36,120.17,"Sweet, Fruity, Fruity_Citrus, Fruity_Citrus_Lemon",2,0,0,0,0,0,0,1,0,0,0,0,1,1,0,0,0,0
36_Copeland,36,Copeland,"Afterfeel_Astringency_Drying, Bitter",3,0,0,0,0,0,1,0,0,0,0,0,0,0,0,0,0,0
37_Copeland,37,Copeland,Stale,1,0,0,0,0,0,0,0,0,0,0,0,0,0,0,0,1,0
37_117.17,37,117.17,Fruity,3,0,0,0,0,0,0,0,0,0,0,0,1,0,0,0,0,0
37_120.14,37,120.14,Earthy,2,0,0,0,0,0,0,0,0,0,1,0,0,0,0,0,0,0
37_120.17,37,120.17,Floral,4,0,0,0,0,0,0,0,0,0,0,1,0,0,0,0,0,0
38_Copeland,38,Copeland,"Bitter, Nutty, Body_Density_Light",4,0,1,0,0,0,1,0,0,0,0,0,0,0,0,1,0,0
38_120.17,38,120.17,"Waxy, Waxy_Fat, Stale, Body_Density_Heavy, Effervescence_BubbleDensity_Dispersed",1,0,0,0,1,0,0,0,0,0,0,0,0,0,0,0,1,0
38_117.17,38,117.17,"Sweet, Grassy, Earthy, Body_Density_Light, Effervescence_BubbleDensity_Compact",2,0,1,0,0,1,0,1,0,0,1,0,0,0,1,0,0,0
39_120.17,39,120.17,"Ripe, Waxy, Woody, Earthy, Irritation_Alcohol_Burning",1,0,0,0,0,0,0,0,0,0,1,0,0,0,0,0,0,1
39_120.14,39,120.14,"Stale, Floral, Bitter",2,0,0,0,0,0,1,0,0,0,0,1,0,0,0,0,1,0
39_117.17,39,117.17,"Alcoholic, Grassy",4,0,0,0,0,0,0,0,0,0,0,0,0,0,1,0,0,0
39_Copeland,39,Copeland,"Sweet, Fruity, Floral, Afterfeel_Astringency_Drying",3,0,0,0,0,0,0,1,0,0,0,1,1,0,0,0,0,0
40_117.17,40,117.17,"Floral, Grassy",2,0,0,0,0,0,0,0,0,0,0,1,0,0,1,0,0,0
40_120.17,40,120.17,"Woody, Sweet",3,0,0,0,0,0,0,1,0,0,0,0,0,0,0,0,0,1
40_Copeland,40,Copeland,"Ripe, Woody",1,0,0,0,0,0,0,0,0,0,0,0,0,0,0,0,0,1
40_120.14,40,120.14,"Earthy, Sweet, Meaty",4,0,0,0,0,0,0,1,0,0,1,0,0,0,0,0,0,0
41_Copeland,41,Copeland,"Nutty, Fruity, Sweet, Body_Density_Light",4,0,1,0,0,0,0,1,0,0,0,0,1,0,0,1,0,0
41_117.17,41,117.17,"Bitter, Fruity",3,0,0,0,0,0,1,0,0,0,0,0,1,0,0,0,0,0
41_120.14,41,120.14,"Body_Density_Light, Bitter, Body_Viscosity_Thin",2,0,1,1,0,0,1,0,0,0,0,0,0,0,0,0,0,0
41_120.17,41,120.17,"Fruity, Stale, Stale_Paper",1,0,0,0,0,0,0,0,0,0,0,0,1,0,0,0,1,0
42_120.14,42,120.14,"Fruity, Fruity_Citrus, Body_Density_Light",3,0,1,0,0,0,0,0,0,0,0,0,1,1,0,0,0,0
42_Copeland,42,Copeland,"Grassy, Fruity, Fruity_Melon",4,0,0,0,0,0,0,0,0,0,0,0,1,0,1,0,0,0
42_120.17,42,120.17,Burnt,1,0,0,0,0,0,0,0,0,0,0,0,0,0,0,0,0,0
42_117.17,42,117.17,"Fruity, Fruity_Citrus, Fruity_Citrus_Grapefruit, Afterfeel_Slippery_High",2,0,0,0,0,0,0,0,0,0,0,0,1,1,0,0,0,0
43_120.17,43,120.17,"Floral, Sweet, Irritation_Cooling",4,0,0,0,0,0,0,1,0,0,0,1,0,0,0,0,0,0
43_120.14,43,120.14,"Earthy, Bitter, Afterfeel_Astringency_Drying",2,0,0,0,0,0,1,0,0,0,1,0,0,0,0,0,0,0
43_117.17,43,117.17,"Woody, Sweet, Afterfeel_Astringency_Drying",3,0,0,0,0,0,0,1,0,0,0,0,0,0,0,0,0,1
43_Copeland,43,Copeland,"Nutty, Bitter, Alcoholic",1,0,0,0,0,0,1,0,0,0,0,0,0,0,0,1,0,0
44_117.17,44,117.17,"Solvent, Stale",1,0,0,0,0,0,0,0,0,0,0,0,0,0,0,0,1,0
44_120.17,44,120.17,"Woody, Cereal, Stale",2,0,0,0,0,0,0,0,1,0,0,0,0,0,0,0,1,1
44_Copeland,44,Copeland,"Alcoholic, Body_Density_Heavy",4,0,0,0,0,0,0,0,0,0,0,0,0,0,0,0,0,0
44_120.14,44,120.14,"Nutty, Body_Density_Heavy",3,0,0,0,0,0,0,0,0,0,0,0,0,0,0,1,0,0
45_Copeland,45,Copeland,"Bitter, Effervescence_BubbleSize_Large, Afterfeel_Astringency_Drying, Stale, Stale_Cardboard",1,0,0,0,0,0,1,0,0,0,0,0,0,0,0,0,1,0
45_117.17,45,117.17,"Waxy, Waxy_Tallow, Herbacious, Herbacious_Tea, Ripe, Ripe_Sweat",2,0,0,0,0,0,0,0,0,0,0,0,0,0,0,0,0,0
45_120.14,45,120.14,"Waxy, Waxy_Fat, Dairy, Dairy_Butter, Afterfeel_Slippery_High, Body_Viscosity_Thick",4,0,0,0,0,0,0,0,0,0,0,0,0,0,0,0,0,0
45_120.17,45,120.17,"Afterfeel_Slippery_High, Alcoholic, Alcoholic_Rum, Nutty. Nutty_Marzipan, Vegetal, Vegetal_Corn",3,0,0,0,0,0,0,0,0,0,0,0,0,0,0,1,0,0
46_120.14,46,120.14,"Fruity, Fruity_Pear, Sweet, Irritation_Alcohol_Warm, SweetAromatic, SweetAromatic_SugarCane",4,0,0,0,0,0,0,1,0,0,0,0,1,0,0,0,0,0
46_Copeland,46,Copeland,"Grassy, Bitter, Body_Viscosity_Thick",2,0,0,0,0,0,1,0,0,0,0,0,0,0,1,0,0,0
46_120.17,46,120.17,"Fruity, Fruity_Pear, Bitter, Woody, Grassy, Burnt, Burnt_Coffee",3,0,0,0,0,0,1,0,0,0,0,0,1,0,1,0,0,1
46_117.17,46,117.17,"Effervescence_BubbleDensity_Compact, Metallic, Sour, Waxy, Waxy_Oil",1,0,0,0,0,1,0,0,0,0,0,0,0,0,0,0,0,0
47_120.17,47,120.17,,1,0,0,0,0,0,0,0,0,0,0,0,0,0,0,0,0,0
47_120.14,47,120.14,Bitter,3,0,0,0,0,0,1,0,0,0,0,0,0,0,0,0,0,0
47_117.17,47,117.17,,4,0,0,0,0,0,0,0,0,0,0,0,0,0,0,0,0,0
47_Copeland,47,Copeland,Earthy,2,0,0,0,0,0,0,0,0,0,1,0,0,0,0,0,0,0
48_117.17,48,117.17,"Earthy, Earthy_Musty, Stale, Body_Viscosity_Thin",1,0,0,1,0,0,0,0,0,0,1,0,0,0,0,0,1,0
48_120.17,48,120.17,"SweetAromatic, Floral, Body_Viscosity_Thin",4,0,0,1,0,0,0,1,0,0,0,1,0,0,0,0,0,0
48_Copeland,48,Copeland,"Earthy, Earthy_Musty, SweetAromatic, Body_Viscosity_Thin",3,0,0,1,0,0,0,1,0,0,1,0,0,0,0,0,0,0
49_Copeland,49,Copeland,"Fruity, Fruity_Citrus, Body_Viscosity_Thin, Effervescence_BubbleDensity_Dispersed, Sour",1,0,0,1,1,0,0,0,0,0,0,0,1,1,0,0,0,0
49_120.14,49,120.14,"Irritation_Alcohol_Warm, Body_Viscosity_Thick, Woody",4,0,0,0,0,0,0,0,0,0,0,0,0,0,0,0,0,1
50_120.14,50,120.14,,4,0,0,0,0,0,0,0,0,0,0,0,0,0,0,0,0,0
50_Copeland,50,Copeland,,1,0,0,0,0,0,0,0,0,0,0,0,0,0,0,0,0,0
50_120.17,50,120.17,,3,0,0,0,0,0,0,0,0,0,0,0,0,0,0,0,0,0
50_117.17,50,117.17,Fruity ,2,0,0,0,0,0,0,0,0,0,0,0,1,0,0,0,0,0
51_120.14,51,120.14,"Bitter, Fruity, Fruity_Citrus",4,0,0,0,0,0,1,0,0,0,0,0,1,1,0,0,0,0
51_117.17,51,117.17,"Bitter, Sour",3,0,0,0,0,0,1,0,0,0,0,0,0,0,0,0,0,0
51_Copeland,51,Copeland,"Bitter, Fruity, Fruity_Pear",2,0,0,0,0,0,1,0,0,0,0,0,1,0,0,0,0,0
52_117.17,52,117.17,Floral,1,0,0,0,0,0,0,0,0,0,0,1,0,0,0,0,0,0
52_120.17,52,120.17,Floral,2,0,0,0,0,0,0,0,0,0,0,1,0,0,0,0,0,0
52_Copeland,52,Copeland,Floral,3,0,0,0,0,0,0,0,0,0,0,1,0,0,0,0,0,0
52_120.14,52,120.14,"Floral, Cereal, Cereal_Malt",4,0,0,0,0,0,0,0,1,1,0,1,0,0,0,0,0,0
53_Copeland,53,Copeland,"SweetAromatic, SweetAromatic_Honey",3,0,0,0,0,0,0,1,0,0,0,0,0,0,0,0,0,0
53_117.17,53,117.17,"Cereal, Cereal_Bread, Cereal_Grain, Cereal_Malt",2,0,0,0,0,0,0,0,1,1,0,0,0,0,0,0,0,0
53_120.17,53,120.17,"Grassy, Grassy_FreshCutGrass",1,0,0,0,0,0,0,0,0,0,0,0,0,0,1,0,0,0
54_120.14,54,120.14,"Fruity, Vegetal, Vegetal_Corn, Cereal, Cereal_Malt, SweetAromatic, SweetAromatic_Honey",4,0,0,0,0,0,0,1,1,1,0,0,1,0,0,0,0,0
54_Copeland,54,Copeland,"Fruity, Spicy, Spicy_Clove, Herbacious, Body_Density_Light, Body_Viscosity_Thin",3,0,1,1,0,0,0,0,0,0,0,0,1,0,0,0,0,0
54_120.17,54,120.17,"Sour, Sweet, Medicinal, Medicinal_BandAid",2,0,0,0,0,0,0,1,0,0,0,0,0,0,0,0,0,0
54_117.17,54,117.17,"Cereal, cereal_malt",1,0,0,0,0,0,0,0,1,1,0,0,0,0,0,0,0,0
55_120.14,55,120.14,"Woody, Afterfeel_Astringency_Drying, Bitter",2,0,0,0,0,0,1,0,0,0,0,0,0,0,0,0,0,1
55_117.17,55,117.17,"Fruity, Fruity_Pear, Body_Density_Light, Sweet",4,0,1,0,0,0,0,1,0,0,0,0,1,0,0,0,0,0
55_Copeland,55,Copeland,"Bitter, Afterfeel_Astringency_Drying, Body_Density_Heavy, Earthy",1,0,0,0,0,0,1,0,0,0,1,0,0,0,0,0,0,0
56_117.17,56,117.17,"Dairy, Bitter, Earthy",1,0,0,0,0,0,1,0,0,0,1,0,0,0,0,0,0,0
56_120.17,56,120.17,"Floral, Fruity, Fruity_Citrus",3,0,0,0,0,0,0,0,0,0,0,1,1,1,0,0,0,0
56_Copeland,56,Copeland,"Burnt, Metallic",2,0,0,0,0,0,0,0,0,0,0,0,0,0,0,0,0,0
56_120.14,56,120.14,"Fruity, Fruity_Citrus, Medicinal",4,0,0,0,0,0,0,0,0,0,0,0,1,1,0,0,0,0
57_117.17,57,117.17,"SweetAromatic, Cereal, Grassy",4,0,0,0,0,0,0,1,1,0,0,0,0,0,1,0,0,0
57_120.14,57,120.14,"Alcoholic, Solvent, Stale, Body_Density_Heavy",1,0,0,0,0,0,0,0,0,0,0,0,0,0,0,0,1,0
58_120.14,58,120.14,"Earthy, Nutty, Vegetal, Stale",1,0,0,0,0,0,0,0,0,0,1,0,0,0,0,1,1,0
58_Copeland,58,Copeland,"SweetAromatic, Herbacious, Grassy",4,0,0,0,0,0,0,1,0,0,0,0,0,0,1,0,0,0
58_120.17,58,120.17,"Fruity, Earthy, Woody, Nutty",3,0,0,0,0,0,0,0,0,0,1,0,1,0,0,1,0,1
58_117.17,58,117.17,"Floral, Herbacious, Earthy, Nutty",2,0,0,0,0,0,0,0,0,0,1,1,0,0,0,1,0,0
59_120.17,59,120.17,"Stale, Bitter",1,0,0,0,0,0,1,0,0,0,0,0,0,0,0,0,1,0
59_120.14,59,120.14,"Fruity, Fruity_Pear, Afterfeel_Astringency_Drying, Bitter",2,0,0,0,0,0,1,0,0,0,0,0,1,0,0,0,0,0
59_117.17,59,117.17,"Fruity, Fruity_Melon, SweetAromatic, SweetAromatic_Caramel, Effervescence_BubbleSize_Large",3,0,0,0,0,0,0,1,0,0,0,0,1,0,0,0,0,0
60_117.17,60,117.17,"Grassy, Waxy, Spicy, Spicy_BlackPepper",2,0,0,0,0,0,0,0,0,0,0,0,0,0,1,0,0,0
60_120.17,60,120.17,"Woody, Nutty",3,0,0,0,0,0,0,0,0,0,0,0,0,0,0,1,0,1
60_Copeland,60,Copeland,Floral,4,0,0,0,0,0,0,0,0,0,0,1,0,0,0,0,0,0
60_120.14,60,120.14,"Woody, Spicy",1,0,0,0,0,0,0,0,0,0,0,0,0,0,0,0,0,1
61_Copeland,61,Copeland,Grassy,3,0,0,0,0,0,0,0,0,0,0,0,0,0,1,0,0,0
61_117.17,61,117.17,,2,0,0,0,0,0,0,0,0,0,0,0,0,0,0,0,0,0
61_120.14,61,120.14,Effervescence_BubbleDensity_Dispersed,1,0,0,0,1,0,0,0,0,0,0,0,0,0,0,0,0,0
61_120.17,61,120.17,,4,0,0,0,0,0,0,0,0,0,0,0,0,0,0,0,0,0
62_120.14,62,120.14,Earthy,2,0,0,0,0,0,0,0,0,0,1,0,0,0,0,0,0,0
62_Copeland,62,Copeland,Grassy,4,0,0,0,0,0,0,0,0,0,0,0,0,0,1,0,0,0
62_120.17,62,120.17,"Earthy, Cereal",1,0,0,0,0,0,0,0,1,0,1,0,0,0,0,0,0,0
62_117.17,62,117.17,Grassy,3,0,0,0,0,0,0,0,0,0,0,0,0,0,1,0,0,0
63_120.17,63,120.17,"Body_Density_Light, Sweet",2,0,1,0,0,0,0,1,0,0,0,0,0,0,0,0,0,0
63_120.14,63,120.14,"Earthy, Nutty",4,0,0,0,0,0,0,0,0,0,1,0,0,0,0,1,0,0
63_117.17,63,117.17,Afterfeel_Slippery_High,3,0,0,0,0,0,0,0,0,0,0,0,0,0,0,0,0,0
63_Copeland,63,Copeland,"SweetAromatic, SweetAromatic_Bubblegum",1,0,0,0,0,0,0,1,0,0,0,0,0,0,0,0,0,0
65_Copeland,65,Copeland,"Earthy, Floral, Bitter, Cereal, Cereal_Malt",1,0,0,0,0,0,1,0,1,1,1,1,0,0,0,0,0,0
65_117.17,65,117.17,"Vegetal, Cereal",4,0,0,0,0,0,0,0,1,0,0,0,0,0,0,0,0,0
65_120.14,65,120.14,"Cereal, cereal_malt, Grassy",2,0,0,0,0,0,0,0,1,1,0,0,0,0,1,0,0,0
65_120.17,65,120.17,"Body_Density_Light, Earthy, SweetAromatic",3,0,1,0,0,0,0,1,0,0,1,0,0,0,0,0,0,0
66_120.14,66,120.14,"Floral, Afterfeel_Astringency_Low",4,0,0,0,0,0,0,0,0,0,0,1,0,0,0,0,0,0
66_Copeland,66,Copeland,Cereal,2,0,0,0,0,0,0,0,1,0,0,0,0,0,0,0,0,0
66_120.17,66,120.17,Cereal,1,0,0,0,0,0,0,0,1,0,0,0,0,0,0,0,0,0
66_117.17,66,117.17,Woody,3,0,0,0,0,0,0,0,0,0,0,0,0,0,0,0,0,1
67_120.17,67,120.17,"Earthy, Earthy_Soil, Sweet",4,0,0,0,0,0,0,1,0,0,1,0,0,0,0,0,0,0
67_120.14,67,120.14,"Bitter, Burnt, Burnt_Smoke",1,0,0,0,0,0,1,0,0,0,0,0,0,0,0,0,0,0
67_117.17,67,117.17,"Grassy, Woody",3,0,0,0,0,0,0,0,0,0,0,0,0,0,1,0,0,1
67_Copeland,67,Copeland,"Woody, Bitter",2,0,0,0,0,0,1,0,0,0,0,0,0,0,0,0,0,1
70_120.14,70,120.14,Body_Density_Light,4,0,1,0,0,0,0,0,0,0,0,0,0,0,0,0,0,0
70_Copeland,70,Copeland,Fruity,1,0,0,0,0,0,0,0,0,0,0,0,1,0,0,0,0,0
70_120.17,70,120.17,"Fruity, Fruity_Tropical",2,0,0,0,0,0,0,0,0,0,0,0,1,0,0,0,0,0
70_117.17,70,117.17,,3,0,0,0,0,0,0,0,0,0,0,0,0,0,0,0,0,0
71_120.17,71,120.17,,3,0,0,0,0,0,0,0,0,0,0,0,0,0,0,0,0,0
71_117.17,71,117.17,Irritation_Carbonation_Tingle,1,0,0,0,0,0,0,0,0,0,0,0,0,0,0,0,0,0
71_Copeland,71,Copeland,"Waxy, Waxy_Soap",4,0,0,0,0,0,0,0,0,0,0,0,0,0,0,0,0,0
72_117.17,72,117.17,"Sweet, Fruity, Fruity_Pear",3,0,0,0,0,0,0,1,0,0,0,0,1,0,0,0,0,0
72_120.17,72,120.17,"Fruity, Fruity_StoneFruit, Fruity_StoneFruit_Peach",4,0,0,0,0,0,0,0,0,0,0,0,1,0,0,0,0,0
72_Copeland,72,Copeland,Body_Viscosity_Thick,2,0,0,0,0,0,0,0,0,0,0,0,0,0,0,0,0,0
72_120.14,72,120.14,"Fruity, Sweet",1,0,0,0,0,0,0,1,0,0,0,0,1,0,0,0,0,0
73_Copeland,73,Copeland,,4,0,0,0,0,0,0,0,0,0,0,0,0,0,0,0,0,0
73_117.17,73,117.17,,3,0,0,0,0,0,0,0,0,0,0,0,0,0,0,0,0,0
73_120.14,73,120.14,,1,0,0,0,0,0,0,0,0,0,0,0,0,0,0,0,0,0
73_120.17,73,120.17,,2,0,0,0,0,0,0,0,0,0,0,0,0,0,0,0,0,0
74_120.14,74,120.14,"Body_Density_Light, Sweet",2,0,1,0,0,0,0,1,0,0,0,0,0,0,0,0,0,0
74_Copeland,74,Copeland,"Grassy, Body_Density_Light, Earthy",1,0,1,0,0,0,0,0,0,0,1,0,0,0,1,0,0,0
74_120.17,74,120.17,Earthy,4,0,0,0,0,0,0,0,0,0,1,0,0,0,0,0,0,0
74_117.17,74,117.17,"Burnt, Woody",3,0,0,0,0,0,0,0,0,0,0,0,0,0,0,0,0,1
75_120.17,75,120.17,"Fruity, Bitter, Body_Density_Heavy",3,0,0,0,0,0,1,0,0,0,0,0,1,0,0,0,0,0
75_117.17,75,117.17,Spicy,2,0,0,0,0,0,0,0,0,0,0,0,0,0,0,0,0,0
75_Copeland,75,Copeland,"Cereal, Cereal_Malt, Body_Density_Heavy, Spicy, Cereal_GrahamCracker",4,0,0,0,0,0,0,0,1,1,0,0,0,0,0,0,0,0
76_117.17,76,117.17,"Herbacious, Herbacious_Rosemary, Vegetal, Vegetal_Celery, Irritation_Cooling",3,0,0,0,0,0,0,0,0,0,0,0,0,0,0,0,0,0
76_120.17,76,120.17,"Grassy, Grassy_FreshCutGrass, Body_Viscosity_Thin, Effervescence_BubbleDensity_Compact",2,0,0,1,0,1,0,0,0,0,0,0,0,0,1,0,0,0
76_Copeland,76,Copeland,"Floral, Floral_Citronella, Floral_Violet, Grassy",4,0,0,0,0,0,0,0,0,0,0,1,0,0,1,0,0,0
76_120.14,76,120.14,"Medicinal_BurntRubber, Afterfeel_Slippery_High",1,0,0,0,0,0,0,0,0,0,0,0,0,0,0,0,0,0
77_Copeland,77,Copeland,"Fruity, Fruity_Apple, Grassy",2,0,0,0,0,0,0,0,0,0,0,0,1,0,1,0,0,0
77_117.17,77,117.17,"Fruity, Fruity_Apple, Sweet, Woody",3,0,0,0,0,0,0,1,0,0,0,0,1,0,0,0,0,1
77_120.14,77,120.14,"Fruity, Fruity_Pear, Earthy",1,0,0,0,0,0,0,0,0,0,1,0,1,0,0,0,0,0
77_120.17,77,120.17,"Fruity, Fruity_Citrus, SweetAromatic",4,0,0,0,0,0,0,1,0,0,0,0,1,1,0,0,0,0
82_120.17,82,120.17,Fruity,3,0,0,0,0,0,0,0,0,0,0,0,1,0,0,0,0,0
83_117.17,83,117.17,"Bitter, Body_Viscosity_Thick, Afterfeel_Astringency_Drying",2,0,0,0,0,0,1,0,0,0,0,0,0,0,0,0,0,0
83_120.17,83,120.17,"Sour, Effervescence_BubbleDensity_Dispersed, Body_Density_Light",1,0,1,0,1,0,0,0,0,0,0,0,0,0,0,0,0,0
84_117.17,84,117.17,Floral,2,0,0,0,0,0,0,0,0,0,0,1,0,0,0,0,0,0
84_120.17,84,120.17,Fruity,4,0,0,0,0,0,0,0,0,0,0,0,1,0,0,0,0,0
84_Copeland,84,Copeland,Cereal,3,0,0,0,0,0,0,0,1,0,0,0,0,0,0,0,0,0
84_120.14,84,120.14,Earthy,1,0,0,0,0,0,0,0,0,0,1,0,0,0,0,0,0,0
87_120.17,87,120.17,,2,0,0,0,0,0,0,0,0,0,0,0,0,0,0,0,0,0
87_120.14,87,120.14,Bitter,4,0,0,0,0,0,1,0,0,0,0,0,0,0,0,0,0,0
87_117.17,87,117.17,"Bitter, Grassy",1,0,0,0,0,0,1,0,0,0,0,0,0,0,1,0,0,0
87_Copeland,87,Copeland,Grassy,3,0,0,0,0,0,0,0,0,0,0,0,0,0,1,0,0,0
89_Copeland,89,Copeland,"Fruity, Fruity_StoneFruit, Fruity_Citrus, Cereal, Bitter, Body_Density_Light, effervescence_bubbledensity_compact",4,0,1,0,0,1,1,0,1,0,0,0,1,1,0,0,0,0
89_117.17,89,117.17,"Cereal, Cereal_Bread, Waxy, Waxy_Fat, Afterfeel_Slippery_Low, Afterfeel_Astringency_Drying",1,0,0,0,0,0,0,0,1,0,0,0,0,0,0,0,0,0
89_120.17,89,120.17,"Fruity, Fruity_Tropical, Fruity_Tropical_Pineapple, Afterfeel_Astringency_Drying",3,0,0,0,0,0,0,0,0,0,0,0,1,0,0,0,0,0
90_120.14,90,120.14,"Woody, Sweet",4,0,0,0,0,0,0,1,0,0,0,0,0,0,0,0,0,1
90_Copeland,90,Copeland,"Spicy, Bitter",3,0,0,0,0,0,1,0,0,0,0,0,0,0,0,0,0,0
90_120.17,90,120.17,"Ripe, Sour",2,0,0,0,0,0,0,0,0,0,0,0,0,0,0,0,0,0
90_117.17,90,117.17,"Vegetal, Sour",1,0,0,0,0,0,0,0,0,0,0,0,0,0,0,0,0,0
93_117.17,93,117.17,"Effervescence_BubbleDensity_Compact, Alcoholic",3,0,0,0,0,1,0,0,0,0,0,0,0,0,0,0,0,0
93_120.14,93,120.14,"Earthy, Nutty, Effervescence_BubbleDensity_Compact, Effervescence_BubbleSize_Large",2,0,0,0,0,1,0,0,0,0,1,0,0,0,0,1,0,0
93_120.17,93,120.17,"Fruity, effervescence_bubbledensity_dispersed, Sweet, Earthy",4,0,0,0,1,0,0,1,0,0,1,0,1,0,0,0,0,0
94_120.14,94,120.14,"Floral, Earthy",3,0,0,0,0,0,0,0,0,0,1,1,0,0,0,0,0,0
94_Copeland,94,Copeland,"Grassy, Woody",2,0,0,0,0,0,0,0,0,0,0,0,0,0,1,0,0,1
94_120.17,94,120.17,Metallic,4,0,0,0,0,0,0,0,0,0,0,0,0,0,0,0,0,0
94_117.17,94,117.17,Burnt,1,0,0,0,0,0,0,0,0,0,0,0,0,0,0,0,0,0
95_120.17,95,120.17,"Fruity, Metallic, Bitter, Smooth",3,0,0,0,0,0,1,0,0,0,0,0,1,0,0,0,0,0
95_120.14,95,120.14,"Effervescence_BubbleDensity_Dispersed, Stale, Bitter, Burnt",2,0,0,0,1,0,1,0,0,0,0,0,0,0,0,0,1,0
95_117.17,95,117.17,"Floral, Herbacious, Earthy, Spicy",1,0,0,0,0,0,0,0,0,0,1,1,0,0,0,0,0,0
95_Copeland,95,Copeland,"Sweet, Body_Viscosity_Thick, Sour, Fruity, Fruity_Citrus",4,0,0,0,0,0,0,1,0,0,0,0,1,1,0,0,0,0
96_117.17,96,117.17,"Bitter, Stale",2,0,0,0,0,0,1,0,0,0,0,0,0,0,0,0,1,0
96_120.17,96,120.17,"Bitter, Stale",3,0,0,0,0,0,1,0,0,0,0,0,0,0,0,0,1,0
96_Copeland,96,Copeland,Floral,4,0,0,0,0,0,0,0,0,0,0,1,0,0,0,0,0,0
96_120.14,96,120.14,"Bitter, Stale",1,0,0,0,0,0,1,0,0,0,0,0,0,0,0,0,1,0
97_Copeland,97,Copeland,Floral,4,0,0,0,0,0,0,0,0,0,0,1,0,0,0,0,0,0
97_117.17,97,117.17,"Stale, Effervescence_BubbleDensity_Dispersed",1,0,0,0,1,0,0,0,0,0,0,0,0,0,0,0,1,0
97_120.14,97,120.14,,2,0,0,0,0,0,0,0,0,0,0,0,0,0,0,0,0,0
97_120.17,97,120.17,,3,0,0,0,0,0,0,0,0,0,0,0,0,0,0,0,0,0
98_120.14,98,120.14,"Fruity, Fruity_Tropical, Fruity_Tropical_Mango, Salty, Afterfeel_Astringency_Drying, Effervescence_BubbleDensity_Compact, Irritation_Cooling, Body_Density_Light",1,0,1,0,0,1,0,0,0,0,0,0,1,0,0,0,0,0
98_Copeland,98,Copeland,"Ripe, Ripe_Sweat, Sour, Bitter, Effervescence_BubbleDensity_Compact, Body_Density_Light",2,0,1,0,0,1,1,0,0,0,0,0,0,0,0,0,0,0
99_120.17,99,120.17,"Cereal, Cereal_Malt, Sweet, Body_Density_Light, Body_Viscosity_Thin",3,0,1,1,0,0,0,1,1,1,0,0,0,0,0,0,0,0
99_120.14,99,120.14,"Cereal, Cereal_Bread, Sweet, Body_Density_Light, Body_Viscosity_Thin",4,0,1,1,0,0,0,1,1,0,0,0,0,0,0,0,0,0
99_117.17,99,117.17,"Cereal, Cereal_Malt, Body_Density_Light, Body_Viscosity_Thin",2,0,1,1,0,0,0,0,1,1,0,0,0,0,0,0,0,0
99_Copeland,99,Copeland,"Cereal, Cereal_Grain, Body_Density_Light, Body_Viscosity_Thin",1,0,1,1,0,0,0,0,1,0,0,0,0,0,0,0,0,0
100_117.17,100,117.17,"Effervescence_BubbleDensity_Compact, Effervescence_BubbleSize_Large",1,0,0,0,0,1,0,0,0,0,0,0,0,0,0,0,0,0
100_120.17,100,120.17,Effervescence_BubbleDensity_Dispersed,3,0,0,0,1,0,0,0,0,0,0,0,0,0,0,0,0,0
100_120.14,100,120.14,"Effervescence_BubbleDensity_Dispersed, Irritation_Cooling, Fruity, Fruity_Apple",2,0,0,0,1,0,0,0,0,0,0,0,1,0,0,0,0,0
101_Copeland,101,Copeland,"Body_Viscosity_Thin, Bitter, Medicinal, Medicinal_BandAid, Afterfeel_Slippery_High",1,0,0,1,0,0,1,0,0,0,0,0,0,0,0,0,0,0
101_117.17,101,117.17,"Fruity, Body_Density_Light",3,0,1,0,0,0,0,0,0,0,0,0,1,0,0,0,0,0
101_120.14,101,120.14,"Sweet, Fruity",4,0,0,0,0,0,0,1,0,0,0,0,1,0,0,0,0,0
101_120.17,101,120.17,"Bitter, Sweet, Body_Density_Heavy, Body_Viscosity_Thick",2,0,0,0,0,0,1,1,0,0,0,0,0,0,0,0,0,0
102_120.17,102,120.17,"Sweet, Bitter, Cereal",4,0,0,0,0,0,1,1,1,0,0,0,0,0,0,0,0,0
102_117.17,102,117.17,"Metallic, Body_Viscosity_Thin, Afterfeel_Astringency_Drying",1,0,0,1,0,0,0,0,0,0,0,0,0,0,0,0,0,0
103_120.17,103,120.17,"Effervescence_BubbleDensity_Dispersed, Body_Viscosity_Thin",2,0,0,1,1,0,0,0,0,0,0,0,0,0,0,0,0,0
103_120.14,103,120.14,"Woody, Bitter",3,0,0,0,0,0,1,0,0,0,0,0,0,0,0,0,0,1
103_117.17,103,117.17,"Fruity, Body_Density_Light",4,0,1,0,0,0,0,0,0,0,0,0,1,0,0,0,0,0
103_Copeland,103,Copeland,"Stale, Woody",1,0,0,0,0,0,0,0,0,0,0,0,0,0,0,0,1,1
104_117.17,104,117.17,"Body_Density_Light, Sweet, Bitter",1,0,1,0,0,0,1,1,0,0,0,0,0,0,0,0,0,0
104_120.17,104,120.17,"Body_Density_Light, Effervescence_BubbleSize_Large, SweetAromatic, Grassy, Irritation_Alcohol_Warm",4,0,1,0,0,0,0,1,0,0,0,0,0,0,1,0,0,0
104_Copeland,104,Copeland,"SweetAromatic, Herbacious, Metallic, Waxy, Sour, Body_Density_Light",3,0,1,0,0,0,0,1,0,0,0,0,0,0,0,0,0,0
104_120.14,104,120.14,"Bitter, Alcoholic, Irritation_Carbonation_Tingle, Irritation_Alcohol_Warm",2,0,0,0,0,0,1,0,0,0,0,0,0,0,0,0,0,0
105_Copeland,105,Copeland,"Floral, Body_Density_Light, Earthy",3,0,1,0,0,0,0,0,0,0,1,1,0,0,0,0,0,0
105_117.17,105,117.17,"Floral, Body_Density_Light, Earthy",1,0,1,0,0,0,0,0,0,0,1,1,0,0,0,0,0,0
105_120.14,105,120.14,"Woody, Earthy, Body_Density_Light",4,0,1,0,0,0,0,0,0,0,1,0,0,0,0,0,0,1
105_120.17,105,120.17,"Afterfeel_Astringency_Drying, Irritation_Cooling, Body_Viscosity_Thin",2,0,0,1,0,0,0,0,0,0,0,0,0,0,0,0,0,0
106_120.14,106,120.14,"Bitter, Earthy, Grassy",3,0,0,0,0,0,1,0,0,0,1,0,0,0,1,0,0,0
106_Copeland,106,Copeland,"Fruity, Floral, SweetAromatic",4,0,0,0,0,0,0,1,0,0,0,1,1,0,0,0,0,0
106_120.17,106,120.17,"Floral, Grassy",2,0,0,0,0,0,0,0,0,0,0,1,0,0,1,0,0,0
106_117.17,106,117.17,"Earthy, Woody, Burnt, Nutty, Alcoholic",1,0,0,0,0,0,0,0,0,0,1,0,0,0,0,1,0,1
108_117.17,108,117.17,"Nutty, Cereal, Cereal_Bready, Body_Density_Light",3,0,1,0,0,0,0,0,1,0,0,0,0,0,0,1,0,0
108_120.17,108,120.17,"Cereal, Cereal_Grain, Irritation_Cooling, Body_Density_Light, Nutty, Nutty_Almond",4,0,1,0,0,0,0,0,1,0,0,0,0,0,0,1,0,0
108_Copeland,108,Copeland,"Cereal, Cereal_RoastedCereal, Afterfeel_Slippery_High, Waxy, Waxy_Oil",1,0,0,0,0,0,0,0,1,0,0,0,0,0,0,0,0,0
108_120.14,108,120.14,"Cereal, Cereal_Malt, SweetAromatic, SweetAromatic_Caramel, Nutty, Nutty_Walnut",2,0,0,0,0,0,0,1,1,1,0,0,0,0,0,1,0,0
109_Copeland,109,Copeland,"Grassy, Body_Viscosity_Thin, Floral, Fruity, Fruity_Citrus, Fruity_Citrus_Grapefruit, Grassy, Grassy_Hay",3,0,0,1,0,0,0,0,0,0,0,1,1,1,1,0,0,0
109_120.14,109,120.14,"Herbacious, Floral, Grassy, Fruity, Fruity_Citrus",4,0,0,0,0,0,0,0,0,0,0,1,1,1,1,0,0,0
109_120.17,109,120.17,"Cereal, Cereal_Malt, Cereal_Toast",2,0,0,0,0,0,0,0,1,1,0,0,0,0,0,0,0,0
110_120.14,110,120.14,"Body_Density_Light, Fruity, Fruity_Citrus",3,0,1,0,0,0,0,0,0,0,0,0,1,1,0,0,0,0
110_Copeland,110,Copeland,Body_Density_Light,2,0,1,0,0,0,0,0,0,0,0,0,0,0,0,0,0,0
110_120.17,110,120.17,,4,0,0,0,0,0,0,0,0,0,0,0,0,0,0,0,0,0
110_117.17,110,117.17,,1,0,0,0,0,0,0,0,0,0,0,0,0,0,0,0,0,0
111_120.17,111,120.17,,4,0,0,0,0,0,0,0,0,0,0,0,0,0,0,0,0,0
111_120.14,111,120.14,Cereal,3,0,0,0,0,0,0,0,1,0,0,0,0,0,0,0,0,0
111_117.17,111,117.17,"Ripe, Sour",1,0,0,0,0,0,0,0,0,0,0,0,0,0,0,0,0,0
111_Copeland,111,Copeland,Cereal,2,0,0,0,0,0,0,0,1,0,0,0,0,0,0,0,0,0
112_117.17,112,117.17,"Fruity, Fruity_Tropical, Herbacious",4,0,0,0,0,0,0,0,0,0,0,0,1,0,0,0,0,0
112_120.17,112,120.17,"Grassy, Vegetal, Vegetal_Cucumber",3,0,0,0,0,0,0,0,0,0,0,0,0,0,1,0,0,0
112_Copeland,112,Copeland,"Fruity, Fruity_Citrus, Fruity_Citrus_Grapefruit, Spicy, Spicy_Coriander",1,0,0,0,0,0,0,0,0,0,0,0,1,1,0,0,0,0
112_120.14,112,120.14,"Fruity, Fruity_Citrus, Solvent, Solvent_Petroleum",2,0,0,0,0,0,0,0,0,0,0,0,1,1,0,0,0,0
113_Copeland,113,Copeland,Waxy,1,0,0,0,0,0,0,0,0,0,0,0,0,0,0,0,0,0
113_117.17,113,117.17,"Floral, Floral_Hawthorn",3,0,0,0,0,0,0,0,0,0,0,1,0,0,0,0,0,0
113_120.14,113,120.14,"Earthy, Earthy_Truffle",4,0,0,0,0,0,0,0,0,0,1,0,0,0,0,0,0,0
113_120.17,113,120.17,"Grassy, Grassy_Hay",2,0,0,0,0,0,0,0,0,0,0,0,0,0,1,0,0,0
115_120.17,115,120.17,"Fruity, Fruity_Pear, Floral, Sweet",4,0,0,0,0,0,0,1,0,0,0,1,1,0,0,0,0,0
115_117.17,115,117.17,"Nutty, Body_Density_Heavy",1,0,0,0,0,0,0,0,0,0,0,0,0,0,0,1,0,0
116_117.17,116,117.17,"Vegetal, Vegetal_Corn, Stale, Stale_Cardboard",1,0,0,0,0,0,0,0,0,0,0,0,0,0,0,0,1,0
116_120.17,116,120.17,"Vegetal, Vegetal_Corn, Stale, Stale_Cardboard, Floral, Floral_Rose",4,0,0,0,0,0,0,0,0,0,0,1,0,0,0,0,1,0
116_Copeland,116,Copeland,"Afterfeel_Astringency_Drying, Floral",3,0,0,0,0,0,0,0,0,0,0,1,0,0,0,0,0,0
116_120.14,116,120.14,"Sweet, Vegetal, Vegetal_Corn, Afterfeel_Slippery_High",2,0,0,0,0,0,0,1,0,0,0,0,0,0,0,0,0,0
117_Copeland,117,Copeland,Grassy,2,0,0,0,0,0,0,0,0,0,0,0,0,0,1,0,0,0
117_117.17,117,117.17,Vegetal,1,0,0,0,0,0,0,0,0,0,0,0,0,0,0,0,0,0
117_120.14,117,120.14,Floral,3,0,0,0,0,0,0,0,0,0,0,1,0,0,0,0,0,0
117_120.17,117,120.17,"Floral, Floral_Jasmine",4,0,0,0,0,0,0,0,0,0,0,1,0,0,0,0,0,0
118_120.14,118,120.14,"Sweet, Grassy, Afterfeel_Astringency_Drying",4,0,0,0,0,0,0,1,0,0,0,0,0,0,1,0,0,0
118_Copeland,118,Copeland,"Fruity, Fruity_Apple, Fruity_Apple_SourApple",3,0,0,0,0,0,0,0,0,0,0,0,1,0,0,0,0,0
118_120.17,118,120.17,"Fruity, Fruity_Citrus, Fruity_Citrus_Lemon, Body_Density_Light",2,0,1,0,0,0,0,0,0,0,0,0,1,1,0,0,0,0
118_117.17,118,117.17,"Fruity, Fruity_Apple, Fruity_Apple_GreenApple, Body_Density_Light",1,0,1,0,0,0,0,0,0,0,0,0,1,0,0,0,0,0
119_120.17,119,120.17,"Fruity, Fruity_Citrus, Fruity_Tropical, Effervescence_BubbleDensity_Compact, Body_Density_Light, Irritation_Carbonation_Tingle, Cereal, cereal_malt",4,0,1,0,0,1,0,0,1,1,0,0,1,1,0,0,0,0
119_120.14,119,120.14,"Fruity, Fruity_Apple, Fruity_Apple_SourApple, Sour, Effervescence_BubbleDensity_Dispersed, Afterfeel_Astringency_Drying, Medicinal",2,0,0,0,1,0,0,0,0,0,0,0,1,0,0,0,0,0
119_117.17,119,117.17,"Floral, Afterfeel_Astringency_Low, Effervescence_BubbleDensity_Dispersed, Body_Density_Heavy",1,0,0,0,1,0,0,0,0,0,0,1,0,0,0,0,0,0
119_Copeland,119,Copeland,"Cereal, Cereal_Malt, Floral, Afterfeel_Astringency_Low, Effervescence_BubbleDensity_Dispersed, Body_Density_Heavy",3,0,0,0,1,0,0,0,1,1,0,1,0,0,0,0,0,0
120_117.17,120,117.17,"Fruity, Fruity_StoneFruit, Fruity_StoneFruit_Apricot",4,0,0,0,0,0,0,0,0,0,0,0,1,0,0,0,0,0
120_120.17,120,120.17,"Solvent, Solvent_Chemical",1,0,0,0,0,0,0,0,0,0,0,0,0,0,0,0,0,0
120_Copeland,120,Copeland,"Fruity, Fruity_Citrus, Fruity_Citrus_Lemon, Fruity_Citrus_Lemon_Peel, Waxy, Waxy_Soap",2,0,0,0,0,0,0,0,0,0,0,0,1,1,0,0,0,0
120_120.14,120,120.14,"SweetAromatic, SweetAromatic_Bubblegum, Herbacious, Herbacious_Oregano",3,0,0,0,0,0,0,1,0,0,0,0,0,0,0,0,0,0
121_Copeland,121,Copeland,"Sour, Stale, Grassy, Grassy_Hay",4,0,0,0,0,0,0,0,0,0,0,0,0,0,1,0,1,0
121_117.17,121,117.17,"Bitter, Afterfeel_Astringency_Drying, Irritation_Spicy_Burning",1,0,0,0,0,0,1,0,0,0,0,0,0,0,0,0,0,0
121_120.14,121,120.14,"Bitter, Body_Density_Light, Irritation_Carbonation_Tingle",3,0,1,0,0,0,1,0,0,0,0,0,0,0,0,0,0,0
122_120.14,122,120.14,"Earthy, Cereal, cereal_malt",3,0,0,0,0,0,0,0,1,1,1,0,0,0,0,0,0,0
122_Copeland,122,Copeland,"Earthy, Floral, Fruity, Fruity_Citrus, Fruity_Citrus_Orange, Fruity_Citrus_Orange_Peel, Bitter",1,0,0,0,0,0,1,0,0,0,1,1,1,1,0,0,0,0
122_120.17,122,120.17,Floral,2,0,0,0,0,0,0,0,0,0,0,1,0,0,0,0,0,0
122_117.17,122,117.17,Woody,4,0,0,0,0,0,0,0,0,0,0,0,0,0,0,0,0,1
123_120.17,123,120.17,"Cereal, Cereal_Grain, Cereal_Bread, Vegetal, Vegetal_Cucumber, Vegetal_Celery",4,0,0,0,0,0,0,0,1,0,0,0,0,0,0,0,0,0
123_120.14,123,120.14,"SweetAromatic, SweetAromatic_Honey",3,0,0,0,0,0,0,1,0,0,0,0,0,0,0,0,0,0
123_117.17,123,117.17,"Grassy, Body_Density_Light",1,0,1,0,0,0,0,0,0,0,0,0,0,0,1,0,0,0
123_Copeland,123,Copeland,"Fruity, Fruity_Citrus, Fruity_Citrus_Lemon, SweetAromatic, SweetAromatic_Caramel, Afterfeel_Astringency_Drying, Body_Density_Light",2,0,1,0,0,0,0,1,0,0,0,0,1,1,0,0,0,0
124_117.17,124,117.17,Afterfeel_Astringency_Drying,4,0,0,0,0,0,0,0,0,0,0,0,0,0,0,0,0,0
124_120.17,124,120.17,Irritation_Carbonation_Tingle,2,0,0,0,0,0,0,0,0,0,0,0,0,0,0,0,0,0
124_120.14,124,120.14,"Effervescence_BubbleSize_Large, Effervescence_BubbleDensity_Compact, Afterfeel_Slippery_High",1,0,0,0,0,1,0,0,0,0,0,0,0,0,0,0,0,0
126_120.14,126,120.14,"Burnt, Burnt_Coffee, Burnt_Smoke, Herbacious",2,0,0,0,0,0,0,0,0,0,0,0,0,0,0,0,0,0
126_Copeland,126,Copeland,"Cereal, Cereal_Malt, Burnt, Burnt_Coffee, Fruity",1,0,0,0,0,0,0,0,1,1,0,0,1,0,0,0,0,0
126_120.17,126,120.17,"Dairy, Dairy_Cream, Burnt, Burnt_Coffee, Effervescence_BubbleDensity_Compact",3,0,0,0,0,1,0,0,0,0,0,0,0,0,0,0,0,0
126_117.17,126,117.17,"Grassy, Grassy_GreenLeaves, Dairy, Dairy_Milk, Effervescence_BubbleDensity_Compact",4,0,0,0,0,1,0,0,0,0,0,0,0,0,1,0,0,0
127_Copeland,127,Copeland,"Sour, Stale, Afterfeel_Astringency_Drying, Effervescence_BubbleDensity_Dispersed",3,0,0,0,1,0,0,0,0,0,0,0,0,0,0,0,1,0
128_117.17,128,117.17,Herbacious,3,0,0,0,0,0,0,0,0,0,0,0,0,0,0,0,0,0
128_120.17,128,120.17,Earthy,4,0,0,0,0,0,0,0,0,0,1,0,0,0,0,0,0,0
128_Copeland,128,Copeland,"Fruity, Fruity_Citrus",2,0,0,0,0,0,0,0,0,0,0,0,1,1,0,0,0,0
128_120.14,128,120.14,Woody,1,0,0,0,0,0,0,0,0,0,0,0,0,0,0,0,0,1
129_Copeland,129,Copeland,Salty,3,0,0,0,0,0,0,0,0,0,0,0,0,0,0,0,0,0
129_117.17,129,117.17,"Salty, Earthy",1,0,0,0,0,0,0,0,0,0,1,0,0,0,0,0,0,0
129_120.14,129,120.14,"Bitter, Grassy",2,0,0,0,0,0,1,0,0,0,0,0,0,0,1,0,0,0
129_120.17,129,120.17,"Bitter, Fruity",4,0,0,0,0,0,1,0,0,0,0,0,1,0,0,0,0,0
130_120.14,130,120.14,,4,0,0,0,0,0,0,0,0,0,0,0,0,0,0,0,0,0
130_Copeland,130,Copeland,,3,0,0,0,0,0,0,0,0,0,0,0,0,0,0,0,0,0
130_120.17,130,120.17,Fruity,2,0,0,0,0,0,0,0,0,0,0,0,1,0,0,0,0,0
130_117.17,130,117.17,,1,0,0,0,0,0,0,0,0,0,0,0,0,0,0,0,0,0
131_120.17,131,120.17,"Floral, SweetAromatic",4,0,0,0,0,0,0,1,0,0,0,1,0,0,0,0,0,0
131_120.14,131,120.14,"Woody, Grassy, Herbacious",3,0,0,0,0,0,0,0,0,0,0,0,0,0,1,0,0,1
131_117.17,131,117.17,"Cereal, Woody, Stale",1,0,0,0,0,0,0,0,1,0,0,0,0,0,0,0,1,1
131_Copeland,131,Copeland,"Sour, Bitter, Floral, Stale",2,0,0,0,0,0,1,0,0,0,0,1,0,0,0,0,1,0
132_120.17,132,120.17,"Body_Density_Light, Body_Viscosity_Thin, Fruity, Afterfeel_Slippery_Low",1,0,1,1,0,0,0,0,0,0,0,0,1,0,0,0,0,0
132_Copeland,132,Copeland,"Body_Density_Light, Body_Viscosity_Thin, Effervescence_BubbleDensity_Compact, Medicinal, Bitter",3,0,1,1,0,1,1,0,0,0,0,0,0,0,0,0,0,0
132_120.14,132,120.14,"Body_Density_Light, Body_Viscosity_Thin, Floral, Nutty",4,0,1,1,0,0,0,0,0,0,0,1,0,0,0,1,0,0
133_117.17,133,117.17,"Effervescence_BubbleDensity_Compact, Effervescence_BubbleSize_Large, Irritation_Carbonation_Tingle",3,0,0,0,0,1,0,0,0,0,0,0,0,0,0,0,0,0
134_120.14,134,120.14,Vegetal,4,0,0,0,0,0,0,0,0,0,0,0,0,0,0,0,0,0
134_Copeland,134,Copeland,Stale,1,0,0,0,0,0,0,0,0,0,0,0,0,0,0,0,1,0
134_120.17,134,120.17,Earthy,3,0,0,0,0,0,0,0,0,0,1,0,0,0,0,0,0,0
134_117.17,134,117.17,"Fruity, Afterfeel_Slippery_High",2,0,0,0,0,0,0,0,0,0,0,0,1,0,0,0,0,0
135_120.14,135,120.14,"Body_Density_Light, Earthy",4,0,1,0,0,0,0,0,0,0,1,0,0,0,0,0,0,0
135_117.17,135,117.17,"Afterfeel_Astringency_Drying, Earthy, Nutty",3,0,0,0,0,0,0,0,0,0,1,0,0,0,0,1,0,0
136_117.17,136,117.17,"Woody, Fruity, Fruity_Apple, Fruity_Apple_Cider",2,0,0,0,0,0,0,0,0,0,0,0,1,0,0,0,0,1
136_120.17,136,120.17,"Fruity, Fruity_Citrus, Fruity_Citrus_Lemon",4,0,0,0,0,0,0,0,0,0,0,0,1,1,0,0,0,0
136_Copeland,136,Copeland,"Nutty, Nutty_Walnut",3,0,0,0,0,0,0,0,0,0,0,0,0,0,0,1,0,0
136_120.14,136,120.14,"Woody, Woody_Pine",1,0,0,0,0,0,0,0,0,0,0,0,0,0,0,0,0,1
137_117.17,137,117.17,"Fruity, Fruity_Citrus",4,0,0,0,0,0,0,0,0,0,0,0,1,1,0,0,0,0
137_120.14,137,120.14,"Dairy, Dairy_Butter",1,0,0,0,0,0,0,0,0,0,0,0,0,0,0,0,0,0
137_120.17,137,120.17,"Nutty, Earthy",3,0,0,0,0,0,0,0,0,0,1,0,0,0,0,1,0,0
138_120.14,138,120.14,"Salty, Grassy, Vegetal, Vegetal_Peas",4,0,0,0,0,0,0,0,0,0,0,0,0,0,1,0,0,0
138_Copeland,138,Copeland,"Herbacious, Afterfeel_Astringency_Drying",2,0,0,0,0,0,0,0,0,0,0,0,0,0,0,0,0,0
138_120.17,138,120.17,"Salty, Stale, Stale_Cardboard, Earthy, Earthy_Soil",1,0,0,0,0,0,0,0,0,0,1,0,0,0,0,0,1,0
138_117.17,138,117.17,"Bitter, Metallic, Salty, Stale, Stale_Paper",3,0,0,0,0,0,1,0,0,0,0,0,0,0,0,0,1,0
139_120.17,139,120.17,,1,0,0,0,0,0,0,0,0,0,0,0,0,0,0,0,0,0
139_120.14,139,120.14,"Fruity, Metallic",3,0,0,0,0,0,0,0,0,0,0,0,1,0,0,0,0,0
139_117.17,139,117.17,"Floral, Woody, Woody_Oak",4,0,0,0,0,0,0,0,0,0,0,1,0,0,0,0,0,1
139_Copeland,139,Copeland,"Vegetal, Vegetal_Carrots, Alcoholic, Alcoholic_Rum",2,0,0,0,0,0,0,0,0,0,0,0,0,0,0,0,0,0
140_117.17,140,117.17,Stale,2,0,0,0,0,0,0,0,0,0,0,0,0,0,0,0,1,0
140_120.17,140,120.17,Earthy,3,0,0,0,0,0,0,0,0,0,1,0,0,0,0,0,0,0
140_Copeland,140,Copeland,Meaty,4,0,0,0,0,0,0,0,0,0,0,0,0,0,0,0,0,0
140_120.14,140,120.14,Solvent,1,0,0,0,0,0,0,0,0,0,0,0,0,0,0,0,0,0
141_117.17,141,117.17,"Sweet, Cereal Cereal_Malt",2,0,0,0,0,0,0,1,1,1,0,0,0,0,0,0,0,0
141_120.14,141,120.14,,1,0,0,0,0,0,0,0,0,0,0,0,0,0,0,0,0,0
141_120.17,141,120.17,,3,0,0,0,0,0,0,0,0,0,0,0,0,0,0,0,0,0
142_Copeland,142,Copeland,"Stale, Sweet",4,0,0,0,0,0,0,1,0,0,0,0,0,0,0,0,1,0
142_120.17,142,120.17,"Salty, Woody, Woody_Pine",1,0,0,0,0,0,0,0,0,0,0,0,0,0,0,0,0,1
142_117.17,142,117.17,"Dairy, Dairy_Butter, Metallic",2,0,0,0,0,0,0,0,0,0,0,0,0,0,0,0,0,0
143_120.17,143,120.17,"Sweet, Body_Density_Light",3,0,1,0,0,0,0,1,0,0,0,0,0,0,0,0,0,0
143_120.14,143,120.14,"Bitter, Grassy",4,0,0,0,0,0,1,0,0,0,0,0,0,0,1,0,0,0
143_117.17,143,117.17,"Sour, Floral",1,0,0,0,0,0,0,0,0,0,0,1,0,0,0,0,0,0
143_Copeland,143,Copeland,"Bitter, Earthy",2,0,0,0,0,0,1,0,0,0,1,0,0,0,0,0,0,0
144_117.17,144,117.17,"Fruity, Fruity_DifferentFruits, Floral",1,0,0,0,0,0,0,0,0,0,0,1,1,0,0,0,0,0
144_120.17,144,120.17,"Fruity, Fruity_Citrus, Cereal, Body_Density_Light",3,0,1,0,0,0,0,0,1,0,0,0,1,1,0,0,0,0
144_Copeland,144,Copeland,"Fruity, Fruity_Citrus",2,0,0,0,0,0,0,0,0,0,0,0,1,1,0,0,0,0
144_120.14,144,120.14,"Fruity, Fruity_Citrus, Nutty, Bitter",4,0,0,0,0,0,1,0,0,0,0,0,1,1,0,1,0,0
145_Copeland,145,Copeland,"Vegetal, Bitter, Woody",2,0,0,0,0,0,1,0,0,0,0,0,0,0,0,0,0,1
145_117.17,145,117.17,"Vegetal, Grassy",3,0,0,0,0,0,0,0,0,0,0,0,0,0,1,0,0,0
145_120.14,145,120.14,Body_Density_Light,4,0,1,0,0,0,0,0,0,0,0,0,0,0,0,0,0,0
145_120.17,145,120.17,"Woody, Stale, effervescence_bubblesize_large",1,0,0,0,0,0,0,0,0,0,0,0,0,0,0,0,1,1
146_120.14,146,120.14,"Earthy, Bitter",1,0,0,0,0,0,1,0,0,0,1,0,0,0,0,0,0,0
146_Copeland,146,Copeland,"Earthy, Woody, Bitter",2,0,0,0,0,0,1,0,0,0,1,0,0,0,0,0,0,1
146_120.17,146,120.17,"Fruity, Sweet, Irritation_Cooling",3,0,0,0,0,0,0,1,0,0,0,0,1,0,0,0,0,0
146_117.17,146,117.17,"Sour, Fruity, Sweet",4,0,0,0,0,0,0,1,0,0,0,0,1,0,0,0,0,0
147_120.17,147,120.17,"Fruity, Fruity_Apple, Fruity_Apple_SourApple, Sour, Grassy, Grassy_FreshCutGrass",3,0,0,0,0,0,0,0,0,0,0,0,1,0,1,0,0,0
147_120.14,147,120.14,Waxy,4,0,0,0,0,0,0,0,0,0,0,0,0,0,0,0,0,0
147_117.17,147,117.17,"Earthy, Earthy_Mold, Earthy_Soil",1,0,0,0,0,0,0,0,0,0,1,0,0,0,0,0,0,0
147_Copeland,147,Copeland,"Fruity, Fruity_Apple, Fruity_Apple_SourApple, Fruity, Fruity_Citrus",2,0,0,0,0,0,0,0,0,0,0,0,1,1,0,0,0,0
148_117.17,148,117.17,Grassy,4,0,0,0,0,0,0,0,0,0,0,0,0,0,1,0,0,0
148_120.17,148,120.17,Stale,1,0,0,0,0,0,0,0,0,0,0,0,0,0,0,0,1,0
148_Copeland,148,Copeland,"Cereal, Cereal_Malt",2,0,0,0,0,0,0,0,1,1,0,0,0,0,0,0,0,0
148_120.14,148,120.14,Nutty,3,0,0,0,0,0,0,0,0,0,0,0,0,0,0,1,0,0
158_120.14,158,120.14,,2,0,0,0,0,0,0,0,0,0,0,0,0,0,0,0,0,0
158_Copeland,158,Copeland,,3,0,0,0,0,0,0,0,0,0,0,0,0,0,0,0,0,0
158_120.17,158,120.17,,4,0,0,0,0,0,0,0,0,0,0,0,0,0,0,0,0,0
158_117.17,158,117.17,,1,0,0,0,0,0,0,0,0,0,0,0,0,0,0,0,0,0
159_120.17,159,120.17,,1,0,0,0,0,0,0,0,0,0,0,0,0,0,0,0,0,0
159_120.14,159,120.14,,2,0,0,0,0,0,0,0,0,0,0,0,0,0,0,0,0,0
159_117.17,159,117.17,,3,0,0,0,0,0,0,0,0,0,0,0,0,0,0,0,0,0
159_Copeland,159,Copeland,,4,0,0,0,0,0,0,0,0,0,0,0,0,0,0,0,0,0
160_117.17,160,117.17,"Effervescence_BubbleDensity_Dispersed, Stale, Body_Density_Light",1,0,1,0,1,0,0,0,0,0,0,0,0,0,0,0,1,0
160_Copeland,160,Copeland,"Stale, Grassy",2,0,0,0,0,0,0,0,0,0,0,0,0,0,1,0,1,0
7_120.17,7,120.17,"Body_Particulate_Smooth, Vegetal, Vegetal_Cucumber, Woody, Woody_Eucalyptus, Body_Density_Heavy, Cereal, Cereal_Malt",2,1,0,0,0,0,0,0,1,1,0,0,0,0,0,0,0,1
7_120.14,7,120.14,"Nutty, Body_Particulate_Smooth, Bitter, Vegetal, Vegetal_Corn, Vegetal_Corn_Cooked",3,1,0,0,0,0,1,0,0,0,0,0,0,0,0,1,0,0
13_120.14,13,120.14,Body_Particulate_Smooth,1,1,0,0,0,0,0,0,0,0,0,0,0,0,0,0,0,0
13_120.17,13,120.17,Body_Particulate_Smooth,2,1,0,0,0,0,0,0,0,0,0,0,0,0,0,0,0,0
16_120.17,16,120.17,"Earthy, Body_Particulate_Smooth, Body_Density_Heavy",4,1,0,0,0,0,0,0,0,0,1,0,0,0,0,0,0,0
16_120.14,16,120.14,"Bitter, Effervescence_BubbleSize_Small",3,1,0,0,0,0,1,0,0,0,0,0,0,0,0,0,0,0
17_117.17,17,117.17,"Fruity, Fruity_Citrus, Floral, Irritation_Cooling, Body_Particulate_Smooth",4,1,0,0,0,0,0,0,0,0,0,1,1,1,0,0,0,0
21_120.14,21,120.14,"Fruity, Body_Particulate_Smooth",4,1,0,0,0,0,0,0,0,0,0,0,1,0,0,0,0,0
25_Copeland,25,Copeland,"Fruity, Body_Particulate_Smooth, Afterfeel_Slippery_Low",4,1,0,0,0,0,0,0,0,0,0,0,1,0,0,0,0,0
26_120.14,26,120.14,"Floral, Fruity, Fruity_Pear, Waxy, Body_Particulate_Smooth, Body_Density_Heavy, Irritation_Alcohol_Warm",4,1,0,0,0,0,0,0,0,0,0,1,1,0,0,0,0,0
28_Copeland,28,Copeland,"Earthy, Nutty, Sweet, Effervescence_BubbleSize_Small",4,1,0,0,0,0,0,1,0,0,1,0,0,0,0,1,0,0
29_120.14,29,120.14,"Sweet, Body_Particulate_Smooth",3,1,0,0,0,0,0,1,0,0,0,0,0,0,0,0,0,0
30_120.14,30,120.14,Body_Particulate_Smooth,3,1,0,0,0,0,0,0,0,0,0,0,0,0,0,0,0,0
30_120.17,30,120.17,"Body_Particulate_Smooth, Cereal",2,1,0,0,0,0,0,0,1,0,0,0,0,0,0,0,0,0
32_Copeland,32,Copeland,"Body_Particulate_Smooth, Afterfeel_Slippery_High, Waxy, Body_Density_Light",2,1,1,0,0,0,0,0,0,0,0,0,0,0,0,0,0,0
33_Copeland,33,Copeland,"Floral, Grassy, Bitter, Body_Particulate_Smooth, Irritation_Cooling, Body_Viscosity_Thin",4,1,0,1,0,0,1,0,0,0,0,1,0,0,1,0,0,0
33_117.17,33,117.17,"Salty, Bitter, Earthy, Irritation_Carbonation_Tingle, Body_Particulate_Smooth",1,1,0,0,0,0,1,0,0,0,1,0,0,0,0,0,0,0
33_120.14,33,120.14,"Floral, Bitter, Body_Viscosity_Thin, Body_Particulate_Smooth",3,1,0,1,0,0,1,0,0,0,0,1,0,0,0,0,0,0
33_120.17,33,120.17,"Woody, Bitter, Irritation_Alcohol_Warm, Irritation_Carbonation_Tingle, Body_Particulate_Smooth",2,1,0,0,0,0,1,0,0,0,0,0,0,0,0,0,0,1
36_120.14,36,120.14,"Sweet, Body_Particulate_Smooth",4,1,0,0,0,0,0,1,0,0,0,0,0,0,0,0,0,0
38_120.14,38,120.14,"Waxy, Waxy_Fat, Body_Particulate_Smooth, Earthy, Body_Density_Heavy",3,1,0,0,0,0,0,0,0,0,1,0,0,0,0,0,0,0
48_120.14,48,120.14,"Vegetal, Bitter, Body_Particulate_Smooth, Body_Viscosity_Thick",2,1,0,0,0,0,1,0,0,0,0,0,0,0,0,0,0,0
49_117.17,49,117.17,"Cereal, Cereal_Malt, Body_Particulate_Smooth, Effervescence_BubbleSize_Small, Body_Density_Light",2,1,1,0,0,0,0,0,1,1,0,0,0,0,0,0,0,0
49_120.17,49,120.17,"Fruity, Fruity_Pear, Fruity_Apple, Afterfeel_Slippery_High, Body_Particulate_Smooth",3,1,0,0,0,0,0,0,0,0,0,0,1,0,0,0,0,0
51_120.17,51,120.17,"Effervescence_BubbleDensity_Dispersed, Effervescence_BubbleSize_Small, Fruity",1,1,0,0,1,0,0,0,0,0,0,0,1,0,0,0,0,0
53_120.14,53,120.14,"SweetAromatic, SweetAromatic_Honey, Cereal, Cereal_Malt, Body_Particulate_Smooth",4,1,0,0,0,0,0,1,1,1,0,0,0,0,0,0,0,0
55_120.17,55,120.17,"Effervescence_BubbleSize_Small, Body_Viscosity_Thin, Earthy",3,1,0,1,0,0,0,0,0,0,1,0,0,0,0,0,0,0
57_Copeland,57,Copeland,"Earthy, Woody, Metallic, Body_Particulate_Smooth",3,1,0,0,0,0,0,0,0,0,1,0,0,0,0,0,0,1
57_120.17,57,120.17,"Earthy, Stale, Body_Particulate_Smooth, Effervescence_BubbleDensity_Compact",2,1,0,0,0,1,0,0,0,0,1,0,0,0,0,0,1,0
59_Copeland,59,Copeland,"Fruity, Fruity_Tropical, Fruity_Tropical_Pineapple, Body_Particulate_Smooth",4,1,0,0,0,0,0,0,0,0,0,0,1,0,0,0,0,0
71_120.14,71,120.14,"Fruity, Fruity_Coconut, Body_Particulate_Smooth",2,1,0,0,0,0,0,0,0,0,0,0,1,0,0,0,0,0
75_120.14,75,120.14,"Fruity, Fruity_Apple, Fruity_Pear, SweetAromatic, SweetAromatic_Candy, Sweet, Body_Density_Heavy, Body_Particulate_Smooth, Grassy",1,1,0,0,0,0,0,1,0,0,0,0,1,0,1,0,0,0
82_Copeland,82,Copeland,"Earthy, Body_Particulate_Smooth, Nutty",4,1,0,0,0,0,0,0,0,0,1,0,0,0,0,1,0,0
82_120.14,82,120.14,"Sweet, Nutty, Body_Particulate_Smooth",2,1,0,0,0,0,0,1,0,0,0,0,0,0,0,1,0,0
82_117.17,82,117.17,"Sour, Body_Particulate_Smooth, Woody",1,1,0,0,0,0,0,0,0,0,0,0,0,0,0,0,0,1
83_Copeland,83,Copeland,"Bitter, Sweet, Body_Particulate_Smooth, Effervescence_BubbleDensity_Dispersed, Body_Density_Heavy",4,1,0,0,1,0,1,1,0,0,0,0,0,0,0,0,0,0
83_120.14,83,120.14,"Salty, Bitter, Effervescence_BubbleSize_Small, Effervescence_BubbleDensity_Compact",3,1,0,0,0,1,1,0,0,0,0,0,0,0,0,0,0,0
89_120.14,89,120.14,"Grassy, Grassy_GreenLeaves, Fruity, Fruity_Melon, Body_Particulate_Smooth, Body_Density_Light, Effervescence_BubbleDensity_Dispersed",2,1,1,0,1,0,0,0,0,0,0,0,1,0,1,0,0,0
93_Copeland,93,Copeland,Body_Particulate_Smooth,1,1,0,0,0,0,0,0,0,0,0,0,0,0,0,0,0,0
98_120.17,98,120.17,"Floral, Floral_Jasmine, Bitter, Body_Particulate_Smooth, Irritation_Alcohol_Burning, effervescence_bubbledensity_dispersed, Afterfeel_Astringency_Low",3,1,0,0,1,0,1,0,0,0,0,1,0,0,0,0,0,0
98_117.17,98,117.17,"Nutty, Nutty_Almond, Effervescence_BubbleDensity_Dispersed, Afterfeel_Astringency_Low, Afterfeel_Slippery_High, Body_Particulate_Smooth, Body_Density_Heavy, Body_Viscosity_Thick, Sweet",4,1,0,0,1,0,0,1,0,0,0,0,0,0,0,1,0,0
100_Copeland,100,Copeland,"Fruity, Fruity_Citrus, Effervescence_BubbleSize_Small, Sweet",4,1,0,0,0,0,0,1,0,0,0,0,1,1,0,0,0,0
102_120.14,102,120.14,"Cereal, Sweet, Irritation_Carbonation_Tingle, Afterfeel_Slippery_High, Body_Particulate_Smooth",2,1,0,0,0,0,0,1,1,0,0,0,0,0,0,0,0,0
102_Copeland,102,Copeland,"Bitter, Cereal, Body_Particulate_Smooth",3,1,0,0,0,0,1,0,1,0,0,0,0,0,0,0,0,0
107_120.17,107,120.17,"Grassy, Earthy, Woody, Metallic, Body_Density_Light, Body_Viscosity_Thin, Effervescence_BubbleDensity_Dispersed, Effervescence_BubbleSize_Small",1,1,1,1,1,0,0,0,0,0,1,0,0,0,1,0,0,1
107_120.14,107,120.14,"Grassy, Earthy, Woody, Metallic, Body_Density_Light, Body_Viscosity_Thin, Effervescence_BubbleDensity_Dispersed, Effervescence_BubbleSize_Small",3,1,1,1,1,0,0,0,0,0,1,0,0,0,1,0,0,1
107_117.17,107,117.17,"Grassy, Earthy, Woody, Metallic, Body_Density_Light, Body_Viscosity_Thin, Effervescence_BubbleDensity_Dispersed, Effervescence_BubbleSize_Small",2,1,1,1,1,0,0,0,0,0,1,0,0,0,1,0,0,1
107_Copeland,107,Copeland,"Grassy, Earthy, Woody, Metallic, Body_Density_Light, Body_Viscosity_Thin, Effervescence_BubbleDensity_Dispersed, Effervescence_BubbleSize_Small",4,1,1,1,1,0,0,0,0,0,1,0,0,0,1,0,0,1
109_117.17,109,117.17,"Waxy, Waxy_Fat, Grassy, Grassy_Hay, Cereal, Cereal_GreenMalt, Effervescence_BubbleSize_Small",1,1,0,0,0,0,0,0,1,0,0,0,0,0,1,0,0,0
114_120.14,114,120.14,"Body_Particulate_Smooth, Irritation_Carbonation_Tingle, Body_Viscosity_Thin, Irritation_Alcohol_Warm, Effervescence_BubbleSize_Small",1,1,0,1,0,0,0,0,0,0,0,0,0,0,0,0,0,0
114_Copeland,114,Copeland,"Body_Particulate_Smooth, Irritation_Alcohol_Warm, Effervescence_BubbleSize_Small, Body_Density_Light",2,1,1,0,0,0,0,0,0,0,0,0,0,0,0,0,0,0
114_120.17,114,120.17,"Effervescence_BubbleSize_Small, Afterfeel_Astringency_Drying, Body_Density_Light, Irritation_Cooling",4,1,1,0,0,0,0,0,0,0,0,0,0,0,0,0,0,0
114_117.17,114,117.17,"Irritation_Alcohol_Warm, Effervescence_BubbleSize_Small, Body_Density_Light, Afterfeel_Astringency_Drying",3,1,1,0,0,0,0,0,0,0,0,0,0,0,0,0,0,0
115_120.14,115,120.14,"Dairy, Ripe, Body_Particulate_Smooth",2,1,0,0,0,0,0,0,0,0,0,0,0,0,0,0,0,0
115_Copeland,115,Copeland,"Dairy, Dairy_Butter, Body_Particulate_Smooth",3,1,0,0,0,0,0,0,0,0,0,0,0,0,0,0,0,0
121_120.17,121,120.17,"Sweet, Body_Particulate_Smooth, Woody, Woody_Pine",2,1,0,0,0,0,0,1,0,0,0,0,0,0,0,0,0,1
124_Copeland,124,Copeland,"Body_Particulate_Smooth, Effervescence_BubbleDensity_Compact, Body_Viscosity_Thin",3,1,0,1,0,1,0,0,0,0,0,0,0,0,0,0,0,0
125_Copeland,125,Copeland,"SweetAromatic, Ripe, Body_Particulate_Smooth, Body_Density_Light",1,1,1,0,0,0,0,1,0,0,0,0,0,0,0,0,0,0
125_117.17,125,117.17,"Sweet, Dairy, Waxy, Waxy_Fat, Body_Particulate_Smooth, Body_Density_Light",3,1,1,0,0,0,0,1,0,0,0,0,0,0,0,0,0,0
125_120.14,125,120.14,"Sweet, Floral, Body_Density_Light, Body_Particulate_Smooth",4,1,1,0,0,0,0,1,0,0,0,1,0,0,0,0,0,0
125_120.17,125,120.17,"Body_Density_Heavy, Body_Particulate_Smooth, Sour, Fruity, Fruity_Citrus, Salty",2,1,0,0,0,0,0,0,0,0,0,0,1,1,0,0,0,0
127_120.17,127,120.17,"Sweet, Spicy, Afterfeel_Slippery_High, Effervescence_BubbleSize_Small",4,1,0,0,0,0,0,1,0,0,0,0,0,0,0,0,0,0
127_120.14,127,120.14,"Salty, Afterfeel_Slippery_Low, Effervescence_BubbleSize_Small",2,1,0,0,0,0,0,0,0,0,0,0,0,0,0,0,0,0
127_117.17,127,117.17,"Salty, Stale, Spicy, Effervescence_BubbleSize_Small",1,1,0,0,0,0,0,0,0,0,0,0,0,0,0,0,1,0
132_117.17,132,117.17,"Body_Density_Light, Nutty, Body_Particulate_Smooth",2,1,1,0,0,0,0,0,0,0,0,0,0,0,0,1,0,0
133_Copeland,133,Copeland,"Body_Density_Light, Woody, Woody_Pine, Body_Particulate_Smooth",1,1,1,0,0,0,0,0,0,0,0,0,0,0,0,0,0,1
133_120.14,133,120.14,"Effervescence_BubbleSize_Small, Irritation_Alcohol_Warm, Bitter",2,1,0,0,0,0,1,0,0,0,0,0,0,0,0,0,0,0
133_120.17,133,120.17,"Effervescence_BubbleDensity_Dispersed, Sweet, Effervescence_BubbleSize_Small, Body_Particulate_Smooth",4,1,0,0,1,0,0,1,0,0,0,0,0,0,0,0,0,0
135_120.17,135,120.17,"Body_Particulate_Smooth, Body_Density_Light",2,1,1,0,0,0,0,0,0,0,0,0,0,0,0,0,0,0
135_Copeland,135,Copeland,"Body_Particulate_Smooth, Fruity, Fruity_Citrus, Bitter",1,1,0,0,0,0,1,0,0,0,0,0,1,1,0,0,0,0
137_Copeland,137,Copeland,"Earthy, Woody, Body_Particulate_Smooth",2,1,0,0,0,0,0,0,0,0,1,0,0,0,0,0,0,1
141_Copeland,141,Copeland,"Effervescence_BubbleSize_Large, Bitter, Body_Particulate_Smooth",4,1,0,0,0,0,1,0,0,0,0,0,0,0,0,0,0,0
142_120.14,142,120.14,"Woody, Nutty, Sweet, Body_Particulate_Smooth, Body_Density_Light",3,1,1,0,0,0,0,1,0,0,0,0,0,0,0,1,0,1
160_120.17,160,120.17,"Cereal, Salty, Body_Particulate_Smooth",4,1,0,0,0,0,0,0,1,0,0,0,0,0,0,0,0,0
160_120.14,160,120.14,"Body_Particulate_Smooth, Floral, Floral_Perfume, Sweet",3,1,0,0,0,0,0,1,0,0,0,1,0,0,0,0,0,0